"2024-12-10T20:41:22-08:00",[],nil
"2024-12-10T20:54:35-08:00",[],nil
"2024-12-10T21:00:23-08:00",[0],nil
"2024-12-10T21:00:36-08:00",["0 1 10 99 999"],nil
"2024-12-10T21:01:00-08:00",[0, 1, 10, 99, 999],nil
"2024-12-10T21:07:45-08:00",nil,nil
"2024-12-10T21:07:54-08:00",nil,nil
"2024-12-10T21:08:16-08:00",nil,nil
"2024-12-10T21:08:41-08:00",nil,nil
"2024-12-10T21:09:22-08:00",125681,nil
"2024-12-10T21:09:29-08:00",125681,nil
"2024-12-10T21:09:53-08:00",7,nil
"2024-12-10T21:09:58-08:00",7,nil
"2024-12-10T21:10:06-08:00",7,nil
"2024-12-10T21:10:31-08:00",44096,nil
"2024-12-10T21:11:05-08:00",44096,nil
"2024-12-10T21:11:11-08:00",20,nil
"2024-12-10T21:11:31-08:00",31,nil
"2024-12-10T21:12:02-08:00",197157,nil
"2024-12-10T21:12:09-08:00",197157,nil
"2024-12-10T21:33:36-08:00",197157,47668992974003987712
"2024-12-10T21:35:55-08:00",197157,488256858172326013697
"2024-12-10T21:36:56-08:00",197157,93981972203
"2024-12-10T21:38:11-08:00",197157,143518009
"2024-12-10T21:38:45-08:00",197157,699
"2024-12-10T21:41:31-08:00",197157,55312
"2024-12-10T21:41:47-08:00",197157,234430066982597
"2024-12-10T21:42:42-08:00",197157,234430066982597
